{
  "99": [
    [
      99.51561883087842,
      99.87880344809628,
      99.76585045112432,
      99.52956722260903,
      99.82796359238479,
      99.70368640000353,
      99.55101638009134,
      99.82550051955963,
      99.652701640785,
      99.5141434828121,
      99.72975781544416,
      99.51792392079405,
      99.4859641228621,
      99.68189166038277,
      99.42879159953601,
      99.47189206844057,
      99.59103902200854,
      99.31177538485956,
      99.36609756193286,
      99.46181521865532,
      99.14915819256962
    ],
    [
      99.28519863153278,
      99.5979986147167,
      99.50101935281083,
      99.29726431301951,
      99.55438243332053,
      99.44752950801703,
      99.31581017079607,
      99.55226791976912,
      99.40359702885165,
      99.28392217677855,
      99.4699731002185,
      99.28719287606422,
      99.25953272696893,
      99.42875628299757,
      99.20999703160088,
      99.24734686737101,
      99.35038901629834,
      99.10839222069882,
      99.15559659666388,
      99.23861808659773,
      98.96670352690302
    ],
    [
      99.27266076286178,
      99.56011272570508,
      99.47144116248045,
      99.2838251610168,
      99.52028398956233,
      99.42235847960157,
      99.30097400556402,
      99.51835096006913,
      99.38195417203357,
      99.27147930763542,
      99.44296787538165,
      99.27450645308524,
      99.24889223789408,
      99.4051029513188,
      99.20294288306614,
      99.23759783463187,
      99.33291012609563,
      99.1083871654445,
      99.15236748457696,
      99.22950390382975,
      98.97585698239435
    ]
  ],
  "98": [
    [
      97.80191586188076,
      97.28386929802444,
      97.71772660625524,
      97.74003899011544,
      97.25052046006051,
      97.73312586325608,
      97.78862291067983,
      97.34048175297576,
      97.80629307935028,
      97.81892876898596,
      97.32184051020836,
      97.76761475916459,
      97.78799622647966,
      97.34907954111799,
      97.83793799564803,
      97.8318965423921,
      97.42203465048077,
      97.89248311663307,
      97.90089374175722,
      97.52216959562267,
      97.98074351498053
    ],
    [
      97.77098767209013,
      97.3008217906704,
      97.69497218950407,
      97.71513314433383,
      97.27035761487099,
      97.70888774662488,
      97.75899543611509,
      97.3524825557934,
      97.7749357476121,
      97.78633032527723,
      97.33547940315621,
      97.74003518787627,
      97.75842997921374,
      97.36032230060648,
      97.80346594897289,
      97.79802080034064,
      97.42678121761617,
      97.85259183203446,
      97.86016114330137,
      97.51781350766036,
      97.93194781314294
    ],
    [
      97.83007351065726,
      97.36831011334894,
      97.75579095820854,
      97.77550701899371,
      97.33820856400565,
      97.76940056740442,
      97.81836474383722,
      97.41930774406829,
      97.83392742923427,
      97.8450479377326,
      97.40252959442797,
      97.79984492969918,
      97.81781255917866,
      97.42704150084113,
      97.86176488960474,
      97.85645363183978,
      97.49254443263975,
      97.90964674636095,
      97.9170185663675,
      97.58209712222197,
      97.98685404978791
    ]
  ],
  "97": [
    [
      97.3104662426791,
      97.18628605045805,
      97.26752792750764,
      97.21165466888475,
      97.08102935771963,
      97.1312876281543,
      97.05317813815773,
      96.9861574566857,
      97.04596881102913,
      96.91200136512788,
      96.88470552566116,
      96.96195415290822,
      96.83043721199235,
      96.88610234663288,
      96.89365897086734,
      96.65902891979235,
      96.70457596803209,
      96.73076007044267,
      96.5276698173245,
      96.65817528672393,
      96.7012738353551
    ],
    [
      97.32510097479536,
      97.21161209400238,
      97.28589692951232,
      97.23482353707864,
      97.11515795529036,
      97.16124286261974,
      97.08959607527014,
      97.02801608682783,
      97.08297663045593,
      96.95976742506807,
      96.93461626884445,
      97.00575386228364,
      96.88456434458153,
      96.93590372786223,
      96.94286799068706,
      96.72605793797823,
      96.76823827226866,
      96.7924667319671,
      96.60415880335722,
      96.72526697746788,
      96.76518172343908
    ],
    [
      97.39228524217064,
      97.28010374672431,
      97.35356552274001,
      97.30307118223463,
      97.18453790124148,
      97.23022344291348,
      97.1591780581472,
      97.0980286259627,
      97.15260868797674,
      97.03016615682102,
      97.00513365636434,
      97.075902779366,
      96.95528061793487,
      97.00641534749411,
      97.01334783894946,
      96.7970864962676,
      96.83922986018682,
      96.86342213735165,
      96.67511295297291,
      96.79629591605456,
      96.83617709728381
    ]
  ],
  "96": [
    [
      95.18887987785145,
      95.66130984745507,
      95.65300534962701,
      95.30220062206882,
      95.77310238107853,
      95.71731706677869,
      95.3779760437609,
      95.80862765359177,
      95.7501351255939,
      95.40588069843258,
      95.85462202446044,
      95.79593004291887,
      95.47633710814682,
      95.92381544077158,
      95.85617165947562,
      95.60370186385194,
      96.03193079670633,
      95.96438614987235,
      95.71291001843889,
      96.15135708133468,
      96.08170207392934
    ],
    [
      95.34063092734087,
      95.79090120584657,
      95.78302765910286,
      95.44907361633545,
      95.896748123895,
      95.84396329395815,
      95.52143318433616,
      95.93032776299285,
      95.87502429197735,
      95.54804884228471,
      95.97376283816043,
      95.91832868487575,
      95.61517618854978,
      96.03902042306726,
      95.97522545400291,
      95.7362521891753,
      96.14077998923887,
      96.07723554745988,
      95.83979043349409,
      96.25289350514821,
      96.18754090493015
    ],
    [
      95.39781779059417,
      95.85533333988182,
      95.8473522867975,
      95.50819687522365,
      95.96255220922097,
      95.90910043693484,
      95.58178454766488,
      95.9965378517938,
      95.94055810721267,
      95.60883849891492,
      96.04047653895165,
      95.98439534845964,
      95.67703810705233,
      96.10644396895579,
      96.04195568459033,
      95.79992300823984,
      96.20919441310882,
      96.1450480640676,
      95.90487337687557,
      96.3222285462576,
      96.2563616141182
    ]
  ],